[
    {
        "day": 1,
        "list": 1,
        "cal": 210,
        "bel": 7,
        "zhir": 11,
        "ugl": 20
    },
    {
        "day": 2,
        "list": 2,
        "cal": 440,
        "bel": 7,
        "zhir": 8,
        "ugl": 9
    },
    {
        "day": 3,
        "list": 1,
        "cal": 645,
        "bel": 21,
        "zhir": 3,
        "ugl": 18
    },
    {
        "day": 4,
        "list": 3,
        "cal": 210,
        "bel": 7,
        "zhir": 11,
        "ugl": 20
    },
    {
        "day": 5,
        "list": 1,
        "cal": 210,
        "bel": 7,
        "zhir": 11,
        "ugl": 20
    },
    {
        "day": 6,
        "list": 1,
        "cal": 210,
        "bel": 7,
        "zhir": 11,
        "ugl": 20
    },
    {
        "day": 7,
        "list": 1,
        "cal": 210,
        "bel": 7,
        "zhir": 11,
        "ugl": 20
    }
]